59320021692143	Black Widow S.T.A.S.H. Page
69847744893753999	<span class="enhanced-keyword">ENHANCED Rocket Raccoon Symbiote Costume</span>
72066007482110898	Nova
77989783120191903	St. Patrick's Day Fortune Card
92372018352561754	One Year Anniversary Gift
130899364860797276	Beast
287197571329694315	Spider-Man Big Time (Green Variant) Costume
287424838536338805	Iron Fist
325054754434127749	Deadpool X-Force Costume
412966192105395660	Emma Frost
421791326977791218	Iron Man
432196802860363068	Gambit S.T.A.S.H. Page
435401930403622740	Green Goblin S.T.A.S.H. Page
456629384788186861	Black Panther
466868911606536622	<span class="enhanced-keyword">ENHANCED</span> Punisher Rachel Cole Alves Costume
511419752048630001	X-23 All-New Wolverine Costume
517011274499890214	Black Panther Civil War Movie Costume
538123165725564155	She-Hulk
543775041578802339	Black Widow Age of Ultron Movie Costume
545940918704806648	Magneto Uncanny Avengers Costume
583254199792902004	Rocket Raccoon
597593024351247098	Spider-Man Civil War Movie Costume
616886790529686275	Black Widow Gray Bodysuit Costume
706726996151638683	Taskmaster Age of Ultron Costume
724683970231539048	Psylocke
852334475647920614	Custom Crafting 06 S.T.A.S.H. Page
865793580351101670	Iron Man Spider-Man: Homecoming Mark 47 Armor
905062896367377347	Daredevil Marvel's Daredevil Maskless Costume
907345783533869059	Elektra Ultimate Costume
915568789314875139	Ghost Rider S.T.A.S.H. Page
939114557986576644	Captain Marvel Dexter Soy Costume
982401239437357044	Silver Surfer S.T.A.S.H. Page
999867219562142249	Scarlet Witch House of M Costume
1054738674846798299	Firestar
1098226225238841472	Moon Knight Earth X Costume
1145116925631927114	Itty Bitty Ice Golem
1153008152737754774	Emma Frost S.T.A.S.H. Page
1172420421674735191	Kitty Pryde
1195778722002966150	Iron Man Mark I Costume
1277161642800976004	Magik
1278845144740338074	Iron Man Heartbreaker Costume
1280205321387710678	Luke Cage Marvel's Luke Cage Hood Up Costume
1332761762159729775	Angela
1399994285910333280	Ultron-11 Costume
1409000469580425483	Custom 29 S.T.A.S.H. Page
1411419228150897129	Gambit Classic Costume
1437244590091671794	Star-Lord Guardians of the Galaxy Movie Costume
1460256508601833485	Thor Golden Armor Costume
1465170305371484282	Captain America S.T.A.S.H. Page
1485030274708608931	Nova Original Costume
1493495544411592843	Iron Man Starboost Costume
1511498568964510383	Agent Venom
1533454031525387657	Scarlet Witch Age of Ultron Movie Costume
1538758997050267559	Psylocke X-Force Costume
1538785723347114665	Squirrel Girl Holiday Costume
1544864278427933243	Colossus Phoenix Force Costume
1556752890497013375	Black Cat All-New Marvel NOW! Costume
1574234725458123392	Luke Cage Street Clothes Costume
1581701737527580494	Thor Marvel NOW! Costume
1644838416155284687	Carnage
1649948109715283495	CS Grant Crate: Odin Marks
1660250039076459846	Deadpool
1750229775416040796	Jean Grey
1802954861051451295	Jean Grey 90's X-Men Costume
1825594343919721788	Black Cat
1844035692649720071	Custom 25 S.T.A.S.H. Page
1874515756314204470	Daredevil Secret War Costume
1904738963314580504	Rocket Raccoon Office Attire Costume
1939264464472379739	Jubilee
1946373172390272690	Winter Fortune Card
1967174511159417704	Mister Fantastic All New Marvel NOW! Costume
1977663415972730018	Ultron
2004241331456452873	Custom 36 S.T.A.S.H. Page
2004935368850084098	Rescue
2073670518888013612	Squirrel Girl
2096707570698365187	Custom 03 S.T.A.S.H. Page
2159289937963456824	<span class="enhanced-keyword">ENHANCED</span> Scarlet Witch Wiccan Costume
2171122621844495053	Rocket Raccoon Deep Space Costume
2184004766382234350	Spider-Man Scarlet Spider Costume
2198068880456357225	Nick Fury
2235401173183573430	Hawkeye S.T.A.S.H. Page
2260290256387713281	Custom 10 S.T.A.S.H. Page
2282370008873116725	Halloween Mystery Bag
2316336512795023800	<span class="enhanced-keyword">ENHANCED</span> Spider-Man Iron Spider Costume
2329389500448970668	Vision Spectral Costume
2335867461198420671	<span class="enhanced-keyword">ENHANCED</span> Deadpool "The Deadpool Kid" Costume
2339076297191070795	Hawkeye's Hawkguy Costume
2342305438544042075	Spider-Man Classic Costume
2375797941050546001	Birthday Card
2376551315543560525	Arachne
2401633261788671542	Punisher S.T.A.S.H. Page
2447705696171202502	Storm Marvel NOW! Costume
2475050821748797421	Squirrel Girl S.T.A.S.H. Page
2479702840782888545	One Year Anniversary Gift
2493871191479229360	Loki Agent of Asgard Variant (No Jacket Variant) Costume
2517244132365773281	Custom Crafting 01 S.T.A.S.H. Page
2623076143315949576	Captain Marvel Warbird Costume
2625946697258310602	Invisible Woman Future Foundation Black Costume
2644787785371032191	Mr.Fantastic Future Foundation Black Costume
2663720589198105136	Captain Marvel Agent of S.W.O.R.D. Costume
2690213725154122173	Cyclops Phoenix Force Costume
2706025393378302258	Black Widow Original Costume
2738667416264972802	Black Widow Fear Itself Costume
2791186717495662812	Star-Lord Legendary Costume
2795257010361473158	Nick Fury Ultimate Costume
2844257346122946366	She-Hulk Lawyer Attire Costume
2868468889298409477	Hawkeye Civil War Movie Costume
2869068101202941767	Cyclops 90's X-Men Costume
2914741963682487901	Level 60 Unique Box
2943735762294018090	Drax
2957150760008555595	Spider-Man Future Foundation Costume
2968941896828721196	Colossus Origins Costume
2995138653479835338	Hawkeye Ronin Costume
3045010422899741363	Spider-Gwen
3062174718146975518	Daredevil Noir Costume
3096518677614498620	MegapackIIIBuff
3101564814736758992	Doctor Strange 1602 Costume
3102570948419721350	Psylocke House of M Costume
3112565844452257212	Iron Man S.T.A.S.H. Page
3123778960139426932	Iceman
3143121290555305523	Star-Lord S.T.A.S.H. Page
3212820430232885175	Wolverine Ronin Costume
3228669383330833808	Mystic Mayhem Mystery Box
3291721393180514210	Hulk Planet Hulk Costume
3380275529851932802	Angel
3380955624255397250	Colossus
3409086263846836528	Hawkeye Old Man Logan Costume
3431323438227986348	Venom Anti-Venom Costume
3439349332318754814	<span class="enhanced-keyword">ENHANCED</span> Thor Beta Ray Bill Costume
3475188664664332091	Hulk Revengers Costume
3477567736873758471	Taskmaster S.T.A.S.H. Page
3507249893849049348	Custom 22 S.T.A.S.H. Page
3510262801840611056	Human Torch 2099 Costume
3550725274857118110	Black Panther Doom War Costume
3585754036662380275	Experience Boost - 2 Hours
3593078748685211432	Rogue Marvel 1602 Costume
3597302329101719459	Magik Modern Costume
3597588143900726508	Hawkeye
3604193257668156639	Captain America Modern Soldier Costume
3641560115914282888	Cable Marvel NOW! Costume
3651407105002248955	Black Widow Thunderbolts Costume
3669144365334735108	Custom 31 S.T.A.S.H. Page
3736448333214587554	Thing Future Foundation Costume
3747578011261344455	Winter Soldier Movie Costume
3756589152156788996	Custom 04 S.T.A.S.H. Page
3786918938008229894	Punisher Classic Costume
3800399614013087192	Iron Man (Civil War) Team-Up
3808388303959693663	Emma Frost Marvel NOW! Costume
3809573014392674531	<span class="enhanced-keyword">ENHANCED</span> Nova Black Vortex Costume
3809575830203472701	Daredevil "I'm Not Daredevil" Costume
3840778634952251306	Cyclops X-Factor Costume
3861077132702980349	<span class="enhanced-keyword">ENHANCED</span> Wolverine Symbiote Costume
3861804197154463729	Experience Orb Pack
3874788524698178842	X-23 X-Force Costume
3919608870717171976	Custom 17 S.T.A.S.H. Page
3930543209986658711	Sunspot
3957936182481262755	Storm X-men Uniform Costume
3960483504837367604	Ant-Man Scott Lang Movie Costume
3964487718089465204	Wolverine Team-Up
3967883947310783125	Ant-Man Civil War Movie Costume
3980807850392229014	Vision
4030114999323204142	Thing All New Marvel NOW! Costume
4051881827778375065	Carnage S.T.A.S.H. Page
4079206533564143642	Colossus Outback Costume
4135198133364268254	Holiday Daily Giftbox
4144697812885974788	Juggernaut S.T.A.S.H. Page
4153259946100397707	Iron Man Mark VI Costume
4196473162086422076	Moon Knight
4280273926886592762	Medusa
4294326692708162706	Infinity Orb Chest
4314676162454560036	Mister Fantastic Future Foundation Costume
4377637075598514414	Cyclops All-New X-Men Costume
4413318250008156159	Captain Marvel Original Costume
4419844522805239026	Ionic Particle
4423260879691981433	Case of 25 Random Currencies
4442619769717660384	Black Widow Classic White Costume
4483482040243595528	Custom 08 S.T.A.S.H. Page
4512673682443736199	Blade San Francisco Costume
4616550151502632300	Punisher
4632938460201752451	Magneto Classic Costume
4668169365676890447	Punisher Trench Coat Costume
4670191873850813872	Elektra S.T.A.S.H. Page
4751367429711015890	Rocket Raccoon S.T.A.S.H. Page
4754654897945520393	Custom 27 S.T.A.S.H. Page
4759560854560775650	Wolverine
4793908279340309049	Thor Age of Ultron Movie Costume
4817564662839187988	Psylocke Lady Mandarin Costume
4830777683965321659	Case of Credits
4880995028858054919	Custom 34 S.T.A.S.H. Page
4888575872692328677	Hulk Avengers Movie Costume
4892038098842562166	Black Bolt S.T.A.S.H. Page
4893053093478930856	Storm African Goddess Costume
4901033141404770277	Case of 25 Relics
5016951050256653671	Astral Essence
5028391022843862598	Taskmaster
5052208973415848212	Luke Cage Chicago Costume
5063751845256762973	Storm Asgard Costume
5064982150159935196	Sorcerer Supreme Mystery Box
5078013862309600499	Nightcrawler's Age of Apocalypse Costume
5084722930111355774	Iron Fist Immortal Weapon Costume No Mask Variant
5125565642385398634	Hawkeye Age of Ultron Movie Costume
5130325387990673667	Custom 12 S.T.A.S.H. Page
5161816693443140974	Captain Marvel
5184009427900575084	Ultron S.T.A.S.H. Page
5205679733066242195	Wolverine Weapon X Costume
5232229161631755383	Loki S.T.A.S.H. Page
5257103366219830920	Iron Man Mark III Costume
5277012739050772244	Gambit Forever City Costume
5296157743058001243	Enhanced Genome
5304252255333325761	Green Goblin Marvel Knights Costume
5325238182260119284	PowerSpec5
5332277783338227311	Thor King Thor Costume
5334271318910506767	Iron Man Guardians of the Galaxy (White) Costume
5367608868641706774	Ghost Rider
5394058310044226921	Star-Lord
5407190085604940006	Jean Grey Marvel NOW! Costume
5439499789042195689	Captain America Civil War Movie Costume
5446252381597014792	Scarlet Witch The Crossing Costume
5447523880388599345	HYDRA Fortune Card
5460518059085536758	Fortune Card Mark 2
5480404809977634371	Juggernaut
5612113299532093413	Deadpool Sheriff Costume
5722646386604055358	<span class="enhanced-keyword">ENHANCED Green Goblin Jack O' Lantern Costume</span>
5723263051851308390	Captain Marvel Marvel NOW! (Masked) Costume
5787123003066095522	Captain Marvel Classic Costume
5816945938769517745	<span class="enhanced-keyword">ENHANCED</span> Captain America American Dream Costume
5828233760603771784	Miles Morales
5848332204010508386	Headpool
5851498850919389209	<span class="enhanced-keyword">ENHANCED</span> Nova Sam Alexander Costume
5872684648721488878	Silver Surfer Silver Savage Costume
5883853744536296190	Rocket Raccoon Marvel NOW! Costume
5884635797301237262	Punisher Marvel's Daredevil Costume
5891702242373278281	Wolverine X-Men Uniform Costume
5898891840575641912	Iron Man Gold Avenger Costume
5911541540780317836	Doctor Doom
5918595579856690734	Captain America Age of Ultron Movie Costume
5954999895021786806	Deadpool X-Men Costume
5962989307772870417	Nightcrawler
5975374667179958209	ThirdAnniversaryDailyGiftTable
5997555057264104904	Cable War Baby Costume
6014733717328239627	Black Panther Urban Jungle Costume
6027004984726853766	Emma Frost New X-Men Costume
6032748110516201956	Custom Crafting 04 S.T.A.S.H. Page
6080699834347428388	Scarlet Witch Civil War Movie Costume
6091389445168766391	Daredevil
6139368802772849654	Blade
6141709301562416172	Venom
6163456353550933129	Captain America Director of S.H.I.E.L.D. Costume
6169970986383710526	Black Widow Civil War Movie Costume
6204957466680040464	Magik
6215433627951176104	Jean Grey Dark Phoenix Costume
6223810743151629740	Black Bolt
6237744012630561006	Falcon
6237993257179224459	Daredevil Shadowland Costume
6299121090591075763	Magneto S.T.A.S.H. Page
6316204455812149205	Scarlet Witch S.T.A.S.H. Page
6339998641592801987	Captain America Avengers Costume
6377355864364554162	Iron Man Shotgun Costume
6448072532466209906	Gambit
6511980984121694437	Spider-Man Symbiote Costume
6514650100102861856	Rogue
6516221034716862372	<span class="enhanced-keyword">ENHANCED</span> Thor Jane Foster Costume
6525691882603812242	X-23 Target X Costume
6546498744797369941	Thor Classic Costume
6572304655153960187	Cyclops
6575656128875797659	War Machine Age of Ultron Costume
6670022047056731739	<span class="enhanced-keyword">ENHANCED</span> Hawkeye Kate Bishop Costume
6722660596331714474	Juggernaut X-Men Costume
6736348866002227356	Mordo
6755961098147077260	Nanotech Filament
6780683547102089860	Ms. Marvel
6781603814176461871	X-23 Fang Costume
6791291224273855126	1,000 Credit Coffer Achievement Reward
6791894920589808691	Storm
6801057566742812661	<span class="enhanced-keyword">ENHANCED</span> Thing Fear Itself Costume
6843591847839669314	Kitty Pryde Age of Apocalypse Costume
6868247449471620717	Hulk Mr. Fixit Costume
6874583618617350038	Rogue 90's X-Men Costume
6887632716819339168	Doctor Strange Movie Costume
6890612770101466725	Hulk Maestro Costume
6915792009402391686	Ant-Man
6921460661680216144	Daredevil Armored Costume
6996312464889026103	Human Torch
6999721444344270902	Wasp
7008421871642548822	Iceman Age of Apocalypse Costume
7015297277250377354	Green Goblin
7028896530407953933	Venom Toxin Costume
7048113812508382857	Iron Man Mark IV Costume
7118073238107331414	War Machine Civil War Movie Costume
7132784530930736633	Fortune Card Mark 5
7143656160527652997	Iron Man Marvel NOW! Costume
7150542631074405762	Iron Man Age of Ultron Movie Mark 43 Costume
7183242645725977550	Invisible Woman's Ultimate FF Costume
7211129995142834442	Custom 19 S.T.A.S.H. Page
7215523412926079494	Secret Invasion Fortune Card
7238648973554358147	Luke Cage Earth X Costume
7279526595027283136	Blade S.T.A.S.H. Page
7293027323431950478	Cyclops Marvel NOW! Costume
7373536787234431909	Fortune Card Mark 4
7494651128779315696	<span class="enhanced-keyword">ENHANCED</span> Lady Deadpool Costume
7497349862523672994	Nightcrawler Classic Costume
7499596133394028647	Cable Techno-Organic Virus Costume
7548306699062356226	Custom 20 S.T.A.S.H. Page
7561248414309032083	Uncanny Fortune Card
7573980593932081058	Captain Marvel Binary Costume
7580592088744598068	Ghost Rider Secret Wars Costume
7582275884851207956	Scarlet Witch
7618063833336584103	Wolverine Brood Costume
7631497310356117542	Squirrel Girl GLX Costume
7643048032188437211	X-23
7646312519944641347	Captain America Marvel NOW! Costume
7650490040073591325	Wolverine Old Man Logan Costume
7656007613702411966	<span class="enhanced-keyword">ENHANCED</span> Lady Loki Costume
7664517456203885802	Rogue S.T.A.S.H. Page
7676335662659610886	Custom 33 S.T.A.S.H. Page
7693198210404784432	Doctor Strange Defenders Costume
7731430854259912242	Psylocke S.T.A.S.H. Page
7735567263114467464	Thor Age of Ultron Movie Costume Armored Variant
7763630557542100320	Vision S.T.A.S.H. Page
7804364523174504710	Custom 06 S.T.A.S.H. Page
7808897524665429970	Nightcrawler S.T.A.S.H. Page
7824327606620789758	Cable
7871398320764294642	Hulk 2099 Costume
7873925855885731531	Team Iron Man Mystery Box
7880164105764606844	Jessica Jones
7885840530152366474	Captain America Age of Ultron Movie (No Mask Variant) Costume
7929016233724946694	Custom 15 S.T.A.S.H. Page
7937405352416253158	Elektra
7949859047165531067	Thor
7952188593171863329	Gambit X-Factor Costume
7959217109681122557	Storm S.T.A.S.H. Page
7962626382107122641	Scarlet Witch Heroes Reborn Costume
7990852604903232993	Marvel's Luke Cage Costume
8014895674141123120	Combination Boost - 30 Minutes
8034678450211524270	Bamf
8071236626015919052	Rocket Raccoon Guardians of the Galaxy Marvel NOW! Costume
8115834385544319789	Quicksilver
8139903807756311619	Kitty Pryde Excalibur Costume
8142831380603017966	Squirrel Girl Unbeatable Costume
8167857776852603118	Agent 13
8185446423366733970	Quake
8211973438232533543	Jean Grey White Phoenix of the Crown Costume
8268282967038963109	Team-Up Boost - 2 Hours
8294172517850551218	Hulk
8326477599799975059	Black Panther Man Without Fear Costume
8329024894305049928	Luke Cage
8419161067070036447	<span class="enhanced-keyword">ENHANCED</span> Carnage Spider-Carnage Costume
8425357199312034799	Wolverine All New Marvel NOW! Costume
8454433000297929114	Punisher Omega Effect Costume
8467542833842887009	Storm 90's X-Men Costume
8469747402821672494	Black Widow
8482376134587654311	Captain America Winter Soldier Costume Classic Shield
8492528758993721809	Squirrel Girl Aviator Costume
8492956145925107141	Cyclops S.T.A.S.H. Page
8525159888761990672	Deadpool S.T.A.S.H. Page
8585049470827436356	Human Torch Original Costume
8618811208778194378	Spider-Man
8620619076112030131	Thing Fantastic Pants Costume
8651855704152086045	War Machine
8652531632129843415	Asgardian Fortune Card
8658276573351386791	Doctor Doom (Classic) Team-Up
8669962911793554434	Spider-Man Homecoming Fortune Card
8728139284375998831	She-Hulk
8736529618564226626	Ghost Rider
8755692150967833833	Magneto
8762326289551792265	Iron Fist Immortal Weapon Costume
8801259638968097718	Loki
8816973652525061890	Cable Original Costume
8821369527853717798	Jean Grey Black Queen Costume
8828099748023970275	Custom Crafting 03 S.T.A.S.H. Page
8842376528969668459	Rocket Raccoon
8887438553887874185	Rocket Raccoon Original Green Costume
8892726260601329990	Ghost Rider Original Costume
8922923218337929679	Moon Knight Marvel NOW! Costume
8963825318886577923	Blade Original Costume
9035978741774228166	Spider-Man Amazing Bag Man Costume
9053752069011806168	Punisher
9099312824770369547	Iron Man Mark 46 Civil War Movie Costume
9123992146609510822	Spider-Man Future Foundation Black Costume
9192191025725314253	Holographic Weapon Vendor
9206496033000336947	Nick Fury S.T.A.S.H. Page
9240855417196518286	Black Panther Wakandan Tech Costume
9255468350667101753	Ghost Rider
9256360341658544392	Custom 26 S.T.A.S.H. Page
9258841461647481100	Colossus Marvel NOW! Costume
9296290787792066489	Wolverine Classic Brown Costume
9321876078357978662	War Machine
9333241051718626428	Nova S.T.A.S.H. Page
9378552423541970369	Spider-Man
9381588316561025288	Custom 35 S.T.A.S.H. Page
9383370991151748772	Deadpool Battle of the Atom Costume
9406371868209125071	Hulk Ultimate Costume
9433389795733810620	She-Hulk S.T.A.S.H. Page
9446840714456210675	Captain America Winter Soldier Costume
9447440487974639491	<span class="enhanced-keyword">ENHANCED</span> Deadpool Pirate Costume
9494489530769151813	Hulk Marvel NOW! Costume
9512511695778748503	Scarlet Witch All-New All-Different Costume
9537398486486948479	Jean Grey New X-Men Costume Jacket Variant
9603117655797342184	Nightcrawler Age of Apocalypse Cloak Variant
9671769034704228926	Spider-Man
9677203899949193215	Hawkeye Avengers Movie Costume
9679123933690862269	Captain America Original Costume
9703681217466931069	Doctor Strange
9708718469207632132	Custom 13 S.T.A.S.H. Page
9741492966822909738	Human Torch Red Costume
9744292640253155939	Jubilee Team-Up
9761682476903964936	Currency Boost - 30 Minutes
9816441365112230099	Mini-Dragon Man
9817501136631836540	Invisible Woman S.T.A.S.H. Page
9829620936786777843	PowerSpec4
9882211658858441637	X-23 S.T.A.S.H. Page
9906270361647847047	Iron Man Mark II Costume
9928511962640029657	Luke Cage Classic Costume
9964627584974134775	Fortune Card Mark 3
9989356770217302741	Human Torch Light Brigade Costume
10144061740894656037	Black Widow
10185680142325848844	Captain America The First Avenger  Costume
10265279302073915813	Doctor Strange Fear Itself Costume
10280375569890222913	Case of 5 Unstable Molecules
10305433616491287659	Iceman
10326206935361265077	Captain America All-New All-Different Costume
10370415494411785937	Hulk Gray Skin Costume
10410660460662559708	Franken-Castle
10437471149139039012	Spider-Woman
10500710136055404550	Iron Fist Classic Costume
10512472479892254647	Black Panther S.T.A.S.H. Page
10530371982141167279	Luke Cage Noir Costume
10535748778928187877	Custom Crafting 05 S.T.A.S.H. Page
10540579155076132399	Captain Marvel S.T.A.S.H. Page
10586776020625594733	Colossus Juggernaut Costume
10603904881766047673	Captain America
10617813376954079152	Captain America
10620348331841625247	Vision
10625106050843291492	Mister Fantastic S.T.A.S.H. Page
10671859153861615545	Iron Man Age of Ultron Movie Hulkbuster Costume
10695039470395660283	She-Hulk Single Green Female (Jeans Variant) Costume
10702708241426815879	Marvel Heroes 1st Birthday Cake
10714643245171612178	Wolverine Leather Fang Costume
10730364020490117674	Crate of Eternity Splinters
10809398162657516501	Moon Knight Secret Avengers Costume
10850557331230889563	Iron Man Guardians of the Galaxy (Red) Costume
10924650653464211083	Spider-Man S.T.A.S.H. Page
10935727384724644598	Case of an Infinity Experience Orb
10958750731713125133	Doctor Doom Future Foundation Costume
11000690653486915161	One Year Anniversary Gift
11059263459413793598	Jean Grey Age of Apocalypse Costume
11098826798466144784	Emma Frost Old Man Logan Costume
11103546526429026090	Silver Surfer
11118079530304738681	Colossus
11121119480902522991	Doctor Doom God Emperor Costume
11139036172773693426	Daredevil Earth X Costume
11139745655194524917	Hawkeye
11266305938963435654	Throg
11278000495660117793	Kitty Pryde S.T.A.S.H. Page
11324308887876278824	Scarlet Witch Ultimate Costume
11332641820779679957	Spider-Ham
11398609285938812947	Colossus Classic Costume
11434622091507800820	<span class="enhanced-keyword">ENHANCED</span> Rocket Raccoon Guardians of the Galaxy Movie Costume
11448940975549521509	Daredevil Man Without Fear (Battle Damaged Variant) Costume
11454220719193201485	Spider-Man Ends of the Earth Costume
11547565807141721738	Iron Man Mark V Costume
11560301460145182733	Jean Grey New X-Men Costume Jacketless Variant
11584140186848663622	Black Bolt Classic Costume
11615789429029934510	Daredevil
11624566526599763698	PowerSpec3
11660572688292912682	Old Man Logan Fortune Card
11677085767918366371	Wolverine S.T.A.S.H. Page
11689953576115182242	Winter Soldier Civil War Movie Costume
11708454701518820863	<span class="enhanced-keyword">ENHANCED</span> Thor Earth X Costume
11713471430462019331	Matrix of Unbinding
11724716961054136218	Thing Incognito Costume
11761742408209537648	Scarlet Witch Dark Wanda Costume
11776331979895283602	Winter Soldier
11793431856982662479	Deadpool
11797866468091305623	Cosmic Fortune Card
11809580036860157365	Black Bolt
11823034178804127726	Rogue Savage Land Costume
11850669083417122352	<span class="enhanced-keyword">ENHANCED</span> Gambit as Death Costume
11858549063889195156	Havok
11860236817865578929	<span class="enhanced-keyword">ENHANCED</span> Spider-Man Spider-Gwen Costume
11899831289098672807	Winter Soldier Snow Gear Costume
11918403849910949772	Iron Man Classic Armor Costume
11922313247660511208	Old Lace
11933918090143475977	Custom 18 S.T.A.S.H. Page
11934643193446865684	Vision Age of Ultron Movie Costume
11941610866858400377	Human Torch Classic Blue Costume
11994062213326777865	Luke Cage S.T.A.S.H. Page
12041799301434055006	Silver Surfer Keeper Costume
12044646730294046023	Ant-Man S.T.A.S.H. Page
12047601271710749145	STASH Access Card
12136026618246929560	Holiday Groot Team-Up
12153120830587020168	Marvel Heroes Omega 3rd-Year Anniversary Cake Slice
12179792913870691233	<span class="enhanced-keyword">ENHANCED</span> Ghost Rider Alejandra Jones Costume
12199731541619452163	Custom 21 S.T.A.S.H. Page
12256547398261020587	Taskmaster Udon Costume
12259316430015569266	Nick Fury
12259390671146653669	Invisible Woman
12272010956712253627	Deadpool Detective Costume
12309738455474253133	Doctor Doom S.T.A.S.H. Page
12324396549390084357	Custom 32 S.T.A.S.H. Page
12394659164528645362	She-Hulk
12443539321764519670	CS Grant Crate: 10 Cube Shards
12460013083760072019	Jean Grey
12505123591585142792	Cyclops Original Costume
12514766973523137093	Doctor Strange
12520134435456493831	Custom 07 S.T.A.S.H. Page
12534955053251630387	Black Cat
12587525800075468027	Iron Man
12611942920010274806	Loki Classic Costume
12645478590862925558	Black Panther
12648176490109741317	Custom 14 S.T.A.S.H. Page
12724924652099869123	Emma Frost White Queen Costume
12729132188455016188	Cable Black Ops Costume
12747795387193892176	Winter Soldier Movie (Maskless Variant) Costume
12785617998351702294	Cable Classic X-Force Costume
12795105179188010590	Level 20 Unique Box
12848405922260132596	Cosmic Mystery Box
12849317479629659643	Invisible Woman All New Marvel NOW! Costume
12885885689589734765	Doctor Strange (Movie) Team-Up
12915922378230668219	Nova
12925681864109726016	Jean Grey Original Marvel Girl Costume
12980491881127285336	Sam Wilson
13008923154619379320	Daredevil S.T.A.S.H. Page
13059371427134970185	Scarlet Witch Romani Costume
13061049321858668090	Juggernaut
13108622509391223262	Captain America Arctic Costume
13109043516307281699	Squirrel Girl
13124420519155930214	Angela
13134720908302687715	Squirrel Girl Unbeatable (No Jacket Variant) Costume
13184878898888388358	Moon Knight S.T.A.S.H. Page
13212972008131138924	Iron Fist
13237838511939982809	Wolverine
13282665754634754381	Cyclops Classic X-Men Costume
13326904141053892899	Black Cat Pop Star (Earth-65) Costume
13338520103524833607	Nightcrawler X-Force Costume
13360552517740469713	X-Men Fortune Card
13462020307662217366	Captain America (Civil War) Team-Up
13466620328722569403	Loki Agent of Asgard Costume
13478546025230903778	Custom Crafting 02 S.T.A.S.H. Page
13484350793979205442	Emma Frost Punk Costume
13493943551504291544	Thor Ultimate Costume
13498584226201606160	<span class="enhanced-keyword">ENHANCED</span> Captain Marvel Mar-Vell Costume
13549153229294612114	Doctor Strange S.T.A.S.H. Page
13583994425176888893	Taskmaster
13615054988651272825	Magneto Marvel NOW! Black Costume
13622834790249536320	Rocket Raccoon Cosmic Gear Costume
13636017014834009714	Storm Mohawk Costume
13665824726076890328	Carnage
13734341166212061280	Spider-Man Amazing Costume
13740011237160328561	Psylocke
13776431313319173291	Ultron
13785191084007168187	Daredevil Original Costume
13786562755671366007	Captain America Nomad Costume
13789854374445062274	Thing Black Jersey Costume
13792161858352388170	Unstable Molecules
13840162506148812555	Scarlet Witch
13844746909398998339	Holiday Daily Giftbox
13891058503866523227	One Year Anniversary Gift
13917324252746685371	Hulk
13923092414038741249	Domino
13952217748788617061	Case of 10 Eternity Splinters
13954143572801886050	Elektra Marvel's Daredevil Costume
14005962908529333272	Thing
14065705819888423186	Iron Buddy
14074098375910234017	Wolverine Patch Costume
14082960614354853445	Moon Knight
14098108758769669917	Doctor Doom Classic Costume
14106451657111180367	Falcon (Civil War)
14119237192684540236	Carnage
14125530801208367749	Punisher Franken-Castle Costume
14129887117819058830	Emma Frost Phoenix Force Costume
14181895682336629616	Pym Technologies Mystery Box
14218485114698210543	Elektra
14235029027257128967	X-23 Innocence Lost Costume
14320224649364840786	Mardi Gras Fortune Card
14354783269825877311	Luke Cage
14369347420131104703	Ultron Age of Ultron Movie Costume
14378742973356645999	Invisible Woman Future Foundation Costume
14412485664841406706	<span class="enhanced-keyword">ENHANCED</span> Superior Spider-Man Costume
14419064055405876141	Loki
14450106030687328468	Juggernaut Classic Costume
14453600032190831460	Colossus Age of Apocalypse Costume
14455149172253202540	Beast Astonishing Costume
14473230779298945362	Human Torch Uncanny Inhumans Costume
14576257082616780585	Hawkeye S.H.I.E.L.D. Costume
14597592820483299758	<span class="enhanced-keyword">ENHANCED</span> Spider-Man Spider-Girl Costume
14626439237704358182	Daredevil Man Without Fear Costume
14696161576002197705	Magik Phoenix Force Costume
14709860437810812925	Thing Black Future Foundation Costume
14749302421094346237	Black Cat S.T.A.S.H. Page
14805923818314472191	Moon Knight Mr. Knight Costume
14821290020078562845	Jean Grey S.T.A.S.H. Page
14888958702770395497	Punisher War Journal Costume
14924555240093786828	Case of Experience Orbs
14975624189966623029	Case of a Random Boost
15042483852863745215	Cable S.T.A.S.H. Page
15085643036362217764	Star-Lord Guardians of the Galaxy Vol. 2 Costume
15115104590402361225	Winter Soldier
15132967443404171530	Custom 28 S.T.A.S.H. Page
15141359335250926652	Storm
15142736093714783733	Fortune Card Mark 1
15149935813441167247	Holiday Daily Giftbox
15184676723698242930	Loki Siege Costume
15201644781346430194	Magneto
15242184706021141813	Iceman S.T.A.S.H. Page
15254461210072522943	Age of Ultron Fortune Card
15255113369714366558	Iceman All-New X-Men Costume
15314669923432995712	Colossus Magneto's Acolyte Costume
15360628595444357150	Iron Fist Marvel's Iron Fist Costume
15369520605703245840	Clea
15378200204801547400	Deadpool Zen Costume Blindfolded Variant
15423119918681037865	Rogue
15427361260494925366	Iron Fist S.T.A.S.H. Page
15428049067089531424	Archangel
15436600211587608659	Winter Soldier S.T.A.S.H. Page
15450566011030807449	Case of 10 Crafting Elements
15495735735498906015	Spider-Man: Homecoming Suit
15523319197044644400	Hulk Age of Ultron Movie Costume
15571630505089313030	Custom 24 S.T.A.S.H. Page
15618003529783973451	Deadpool Zen Costume
15629284864133571223	Foil Uncanny Fortune Card
15639389567182838260	Captain America Earth X Costume
15659623950655691775	Blade
15662110445428479011	Venom
15669892452879243247	<span class="enhanced-keyword">ENHANCED</span> Ant-Man Classic Hank Pym Costume
15735191303629646090	Custom 37 S.T.A.S.H. Page
15743789998840419335	Magik
15804939261161380166	Jean Grey All-New X-Men Costume
15850110032394198072	Jean Grey New X-Men Costume
15861009814866762166	Wolverine Fear Itself Costume
15883360191221406660	Thor
15895419344978323714	Custom 02 S.T.A.S.H. Page
15897070380891706428	The Deadpool Kid
15900225556748381399	Beast S.T.A.S.H. Page
15923122638925011196	Star-Lord Marvel NOW! Costume
15976740109908646384	Captain America Reborn Costume
16029799220675486709	Ultimate Power Upgrade
16033005169381218842	Spider-Man Sensational Costume
16035055819513338549	Drax Vol. 2 Team-Up
16055602890471844098	Custom 11 S.T.A.S.H. Page
16085525630569096136	S.H.I.E.L.D. Supply Boost - 30 Minutes
16098752790761052710	Nightcrawler House of M Costume
16124518482106849285	Iron Man Avengers Movie Costume
16138638191028345805	Hulk Horseman of Apocalypse Costume
16209821644389487605	Cable
16270475374182079617	Black Panther Armored Panther Costume
16305624328130272908	Experience Boost - 30 Minutes
16313827754993193555	Ultron Silver
16360377204712741102	Thor Avengers Movie Costume
16385260921706714990	Angela 1602 Costume
16422221390127111776	One Year Anniversary Gift
16453128962031161510	Groot
16513128686675238775	Fortune Card Mark 4
16566255714732875836	Beach Party Fortune Card
16568669466634754725	Vision Uncanny Avengers Costume
16569407622920804376	Wolverine X-Force Costume
16624923925500140015	Cable X-Force Legendary Costume
16627668338051128160	Star-Lord Guardians of the Galaxy Movie (Headphones Variant) Costume
16673415327715301054	Doctor Doom 2099 Costume
16682332106489207039	Punisher Marvel NOW! Costume
16685173088145448594	Koala
16691790567255644950	Iron Man Silver Centurion Costume
16748241813791642113	MegaPackBuff
16791990216765677152	Kitty Pryde
16816997253698099346	Storm's Astonishing X-Men Costume
16820812446178159853	Venom S.T.A.S.H. Page
16828300760611167101	Gamora Vol. 2 Team-Up
16829944152046770916	X-23
16860880655061163612	One Year Anniversary Gift
16881835758106914001	Magik S.T.A.S.H. Page
16906532314729033008	Angela S.T.A.S.H. Page
16998746507989160710	Beta Ray Bill
17023444567836662903	<span class="enhanced-keyword">ENHANCED</span> Rocket Raccoon Guardians of the Galaxy Vol. 2 Costume
17049937000059835405	Beast
17050016469039912968	Holiday Hulk Costume
17077694920195514766	Heroes for Hire Fortune Card
17117190722675416722	S.H.I.E.L.D. Fortune Card
17117330239345860004	Black Panther Urban Jungle (Cape Variant) Costume
17124082957946525987	Black Panther Tribal Costume
17125923515504335345	Iron Man 3 Movie Costume
17136516014004186881	Human Torch S.T.A.S.H. Page
17197965520707394542	Hawkeye's HawkGuy (Sweatpants Variant) Costume
17209872938403638405	Thor S.T.A.S.H. Page
17293895189575245269	Emma Frost
17312088476783418628	Cyclops
17333778171067176658	Loki 2016 Costume
17375625075598895365	Custom 23 S.T.A.S.H. Page
17412548336846579190	Guardians of the Galaxy Vol. 2 Fortune Card
17433274164911806513	Punisher War Torn Costume
17467867243750108386	Thing S.T.A.S.H. Page
17471178159606340119	Juggernaut Fear Itself Costume
17483254272302324330	Daredevil Marvel's Daredevil Costume
17494199837571750525	She-Hulk Law And Disorder Costume
17510769099164947813	Captain Marvel
17535536853412551312	War Machine Iron Patriot Costume
17538622907001612547	Custom 30 S.T.A.S.H. Page
17546342028166048137	Team Captain America Mystery Box
17554049597200411772	Hulk S.T.A.S.H. Page
17570586484656905865	Omega Point Box
17583225745158381446	Doctor Strange
17591756837553313434	Mister Fantastic
17622955599300993330	Cowpocalypse Fortune Card
17627493467268978890	Storm Classic Black Costume
17632028704359456117	Punisher
17642666236092755687	War Machine S.T.A.S.H. Page
17659865385358400282	Moon Knight Mr. Knight Costume Vest Variant
17702746535234578693	Custom 05 S.T.A.S.H. Page
17715539530612349730	Elektra Marvel's Daredevil Alternate Costume
17750839636937086083	Doctor Doom
17752941919997728959	Black Widow Classic Costume
17757907016101142163	Green Goblin
17787177534187247901	Cable Armored Cyborg Costume
17864618913409935623	Custom 16 S.T.A.S.H. Page
17934492137571096819	Iron Man Hulkbuster Costume
17982201959812438904	Taskmaster Avengers World Costume
18001795851067006099	Black Panther Vibranium Armor Costume
18006749048952789412	Mordo Team-Up
18029416249637869932	Silver Surfer Exiles Costume
18065824366670517842	Rogue Age of X Costume
18080246011096929576	Holographic Crafter
18090481622451301955	Colossus S.T.A.S.H. Page
18095141954958532090	Fortune Card Mark 6
18124378460164657770	Groot
18132742377931805821	Ant-Man
18152689483875489544	Nightcrawler
18187699580389430221	FoundersPackBuff
18203769421157835046	Third Anniversary Daily Gift
18240003872669572219	Gambit
18280007058787080934	Cyclops Age of Apocalypse Costume
18303256609750061298	Gamora
18313695457225480400	<span class="enhanced-keyword">ENHANCED</span> Black Panther Shuri Costume
18330508899664993130	Ghost Rider What If? Fantastic Four Costume
18337320827519573362	Star-Lord
18364288941107387038	Scarlet Witch Marvel NOW! Costume
18368955143356619230	Spider-Man Back in Black Costume
18398082491988056928	Green Goblin Thunderbolts Costume
18420518272782637146	Spider-Man Big Time Costume
18426012684217166089	Custom 09 S.T.A.S.H. Page
