3666035003746292224	Entity/Types/ModelRenderOverrideEffects.type
5149841855663377922	DRAG/AreaGenerators/Directions.type
12112279368587414034	DRAG/RegionDirection.type
9276845222653399059	DRAG/AreaGenerators/AreaOrientation.type
17129316224762318357	AI/Misc/Types/SelectEntityType.type
5102698732802869269	Loot/PickMethod.type
6964951824215183392	Entity/Items/InstrumentedDropGroup.type
4320540255960894498	Audio/Types/MissionBanter.type
5793174971900758563	UI/Types/UIDirectory.type
14511275390939892260	Globals/PlatformMask.type
5759251996439222820	Events/GlobalEvents/Blueprints/GlobalEventCriteriaLogicType.type
7664047294579610149	AI/Misc/Types/ActionGiveCommandCurveType.type
14667994423538617384	AI/Misc/Types/ParallelMode.type
17786942175195303980	Metagame/Blueprints/ScoreTableEvent.type
14806849849741020719	AI/Misc/Types/AllianceCheckType.type
2038419914534226992	Powers/Types/AOEAngleType.type
14298816904050184241	Powers/Types/TargetRestrictionType.type
18110233315632026168	Entity/Types/HotspotProcTriggerBehavior.type
11837347586592934973	Console/SessionImageNames.type
13316452980336824893	Missions/Types/MissionTrackerFilterType.type
5060951021054331966	UI/Types/ResourceBarStyle.type
12963188941287853633	AI/Misc/Types/DistanceCheckType.type
1519633193769046594	Metagame/Blueprints/MetaGameCompleteType.type
10996523972706175556	Loot/LootTableSource.type
15746592032915265093	UI/UINotifications/StoryNotifications/VOEventType.type
16038782139660176965	Regions/MetaStateChallengeTier.type
3035300485591338054	Entity/Inventory/Category.type
15587391078713199687	Regions/RegionUnrealClass.type
5594133720077831239	UI/Types/DailyMissionType.type
18287520532947733064	Loot/LootBindingType.type
14213726097458597449	UI/Types/InteractIndicatorType.type
16441980307779817037	Regions/EnumObjectiveGraphMode.type
6404795946708175952	Regions/RegionQueueMethod.type
14701931223561276498	UI/Types/ResourcePipStyle.type
2527614125508856921	AI/Misc/Types/SelectorType.type
9347961231184760925	Entity/Types/MarvelModelRenderClass.type
5001756451539717734	Powers/Types/EntityHealthState.type
11819687192200481895	Regions/DistrictResources.type
2286392106294053991	AI/Misc/Types/TeleportType.type
5570038822932910183	FullscreenMovies/LoadingScreenNames.type
13123196179674697833	AI/Misc/Types/BlackboardOperatorType.type
14726627889276325999	UI/MTXStore/StoreCategoryIdentifier.type
373354392623909490	UI/Types/UIPanelNames.type
9131248985448256116	Difficulty/Blueprints/DifficultyTierEnum.type
2652357403876067958	UI/Types/LanguageType.type
11490316223117528695	Powers/Types/PowerIconPathType.type
2407226697325938808	UI/Types/UIFonts.type
7470566165048857208	Populations/Blueprints/SpawnFailBehavior.type
180543063902784634	Entity/MetaGame/GameSystem.type
18431938965023100543	Powers/Types/PowerCategoryType.type
10418412035461026944	Entity/Items/Affixes/DuplicateHandlingBehavior.type
18361553012259688578	KismetSequences/KismetSequenceNames.type
2262748802948335235	Types/Ranks.type
9891167258823035012	Eval/EvalContext.type
11892392497011954314	Entity/Types/HotspotNegateByAllianceType.type
3935263344968403600	Regions/MinimapReveal.type
3155074822464934545	Leaderboards/Types/LeaderboardRankingRule.type
13206801854395844754	Types/HiddenType.type
11339072929244187283	UI/Types/MTXStorePage.type
3683517380762407571	Chat/ChatCommands/ChatCommandArgumentType.type
7685897205300005012	Loot/PlayerScope.type
14370889603779793046	AI/Misc/Types/SelectEntityMethodType.type
12077555820925094551	UI/Types/StatIconType.type
129358445278794904	Leaderboards/Types/LeaderboardPercentileBucket.type
11186159580080967321	Audio/Types/RegionMusicBehavior.type
3440968057264278169	AI/Misc/Types/SeedType.type
13305123466353379995	Populations/AreaDepth.type
8360757741243994271	AI/Misc/Types/ComparisonOperatorType.type
12402936502366966945	Powers/Types/ProcChanceMultiplierBehaviorType.type
4591578343192399521	Types/EntityTriggerTypeInitial.type
521332280259709094	Regions/PropSets.type
4287134601383187113	Powers/Types/MissilePowerActivationEvent.type
1894784751785939114	UI/MapInfo/MiniMapMarkerIconPathType.type
8874665348727050410	UI/Types/InfinityBackgroundImagePath.type
1896389816134342316	UI/UINotifications/BannerMessages/BannerMessageType.type
5930803476371082415	Regions/CellSetDirectories.type
15503733316186672819	UI/Types/ChatMessageFormatTypes.type
9075842988830887093	UI/SystemLock/UISystemLock.type
8101181328488402615	AI/Misc/Types/ProceduralBehavior.type
6169478021686234299	AI/Misc/Types/DecoratorType.type
13111513137442721468	Missions/Types/OnInteractAction.type
5543734834117874364	Entity/Transitions/RegionTransitionTypes.type
11702394049312853181	Entity/Types/CollisionType.type
16921017706140470461	Property/AggregationMethod.type
9111740068909289149	UI/Types/DailyMissionBannerType.type
3490216017378675905	DRAG/RegionGenerators/Edges.type
6958382811022365377	Powers/Types/PowerSubsequentActivateType.type
13319171186936907972	UI/Types/UIConfig.type
17332597483988322500	UI/Types/HUDTheme.type
9479270114198949573	Regions/DepreciatedUnrealLayout.type
6163299494740166853	Audio/Types/Music.type
15907836003020837576	Entity/Components/Locomotor/MovementSpeed.type
466247592512523978	Powers/Types/TargetingShapeType.type
8137235916751638225	Audio/Types/StoryNotificationVO.type
17613579054809616595	Powers/Types/MissileInitialDirection.type
9846988441803561172	Populations/Blueprints/EntitySelector/ScriptRoleKeyEnum.type
8029272848511600852	UI/Types/HexColor.type
9414548386697513685	Audio/Types/AmbientSfx.type
5455470051382926037	Difficulty/DEPRECATEDDifficultyModes/DEPRECATEDDifficultyMode.type
5565416725472940245	DRAG/AreaGenerators/CellDeleteMethods.type
6876076451722956501	Powers/Types/ConditionScopeType.type
7019599587144371926	UI/SystemLock/UISystemLockState.type
3588919833288117463	FullscreenMovies/MovieType.type
5174681148830911192	UI/Types/OmegaPageType.type
13465168956763215066	Entity/Components/Bounds/MovementPowerBlocking.type
16675743143841696475	UI/Types/UIGlobalIcons.type
8165769215516545244	Powers/Types/StackingApplicationType.type
2046643045380459229	UI/Types/HealthBarType.type
15620570313792295134	UI/MapInfo/MiniMapIconHighlightEffect.type
7759995925447904992	Powers/Types/WhenOutOfRangeType.type
5664419444024479458	AI/Misc/Types/ThresholdValueType.type
5522315026483515107	Missions/Types/ShowInMissionLog.type
16026180473993170660	Powers/Types/TeleportMethodType.type
6803875633425420004	Entity/Types/EntityIconPathType.type
14778216586139733221	AI/Misc/Types/InterruptType.type
15957118556541030629	AI/Misc/Types/ClearSelectedEntityType.type
16357877484773640934	UI/Types/ControlScheme.type
13246325645435539175	Missions/Types/ShowObjsSettings.type
1602185493006060263	Audio/Types/VOCategory.type
17517070240707317480	Powers/Types/PowerConditionType.type
10080562888657408745	Entity/Items/Affixes/ItemEffectUnrealClass.type
1794524219480674025	Missions/Types/DistributionType.type
9945228794826328811	UI/Dialogs/ButtonStyle.type
13176325055761814251	Entity/Items/DropRestrictions/LootContext.type
13351938789983263476	UI/UINotifications/GameNotifications/NotificationIconPathType.type
14931335395879554292	Entity/Types/AppearanceEnum.type
1888521224461223668	Types/CoopOp.type
575060978798562550	Entity/Types/AllegianceType.type
876226710864924408	Entity/Inventory/InventoryEvent.type
7587344142786892024	AI/Misc/Types/DecoratorCurveIndexType.type
16704592341425589498	Audio/Types/MusicStateNames.type
18251085823200987898	Regions/RegionBehavior.type
7877363743012162299	Property/PropertyType.type
7969261572624552191	UI/MetaGame/Types/UIWidgetEntityState.type
10817354378627517188	AI/Misc/Types/FlankType.type
9714363534454821126	Metagame/Blueprints/MetaGameMeterType.type
11353885098287106311	Types/InfinityGem.type
15445286371939520777	AI/Misc/Types/WhoToGiveCommandsToType.type
2794021691185566473	AI/Misc/Types/ConditionCheckOwnerStateType.type
5701003261049312017	Missions/Types/DailyMissionResetFrequency.type
11270793807138130708	Types/InteractableType.type
16964119160393240346	Chat/ChatCommands/ChatCommandFunc.type
1155388630888814363	UI/UINotifications/BannerMessages/BannerMessageStyle.type
13935302180121874205	UI/LoadingScreenTips/TipTypeEnum.type
4085302966057307938	UI/Types/OverheadInfoDisplayType.type
3399903998043165987	Entity/Characters/Avatars/AvatarModes/AvatarMode.type
8265967720750976294	Powers/Types/ActivationType.type
12948651006200780071	Entity/Characters/Avatars/ManaBehaviors/ManaType.type
16867690049219792679	Audio/Types/MusicStateGroupNames.type
3710904919070739752	UI/TextStyles/TextAlignment.type
12427460996742450473	FullscreenMovies/MovieNames.type
18060621135810530601	Globals/DesignWorkflowState.type
12237002713325637419	UI/MetaGame/Types/WidgetMovieClip.type
16951870486168277295	Events/GameEvents/EntityGameEventEnum.type
425643879621792049	DRAG/AreaGenerators/CellGridBehaviorId.type
15765658159230881074	UI/Types/TooltipSectionType.type
17112833528253714226	Powers/Types/TargetingHeightType.type
17308762368378149176	UI/UINotifications/GameNotifications/GameNotificationType.type
10471298416768190265	Regions/Cells.type
10136059137642270526	AI/Misc/Types/WanderBasePointType.type
11984057409008176958	UI/Tooltips/TooltipProceduralKey.type
6472529870650084675	Powers/Types/PowerEventType.type
2493320957760377156	UI/LoadingScreenTips/TransitionUIType.type
8495336578433551172	Loot/LootDropEventType.type
6062375582129261894	AI/Misc/Types/PowerStateType.type
14888016223955455817	UI/Types/OmegaBackgroundImagePath.type
10565391057070458702	Types/Weekday.type
255823742471572302	Property/NetworkPolicy.type
626889096647806287	UI/Types/AchievementIconPath.type
15938562760429078866	DRAG/CellWallTypes.type
5901056081175579474	Types/LookForPartyType.type
13131420815135281493	Leaderboards/Types/LeaderboardDuration.type
3714993440296865111	UI/Types/RadialMenuImageType.type
10975234207835491674	SpawnMarkers/PopulationType.type
5010124085498419034	Metagame/Blueprints/MetaGameModeShutdownBehaviorType.type
10674715635158552411	Metagame/MetaState/MetaStateGroup.type
16428080009589430108	Entity/Items/TriggeredItemEventActions/ItemEventType.type
9952232240185608031	Types/TriBool.type
941494243888272223	UI/MissionTracker/MissionTrackerFilterType.type
12356525746323133283	Metagame/Blueprints/MetaGameModeTimerBanner.type
12414686752897763683	Types/GamepadInput.type
15174874751042128739	AI/Misc/Types/KillMethod.type
7031547903027646307	SpawnMarkers/PropMarkerShapeType.type
7722473388529027942	AI/Misc/Types/BranchType.type
12179664305097476967	Regions/RegionClientMap.type
4609651628336155498	Entity/Types/AvatarStat.type
2744288570177949548	StoryStructure/DownloadChunkData.type
4636900779999367021	Audio/Types/MusicStateEndBehavior.type
7420254045495103854	Entity/Items/CharacterTokens/TokenType.type
16141214991730543987	UI/Types/ObjectiveVisibility.type
12004437784997728117	Entity/Inventory/ConvenienceLabel.type
13584145930479735157	Entity/Items/Affixes/AffixPositionType.type
16814386606190038902	UI/Types/ObjectiveTrackerPageType.type
6790100453957111671	Audio/Types/FootstepTraceBehavior.type
13858853461097712505	Property/DatabasePolicy.type
7691307699393728384	Populations/Blueprints/FacingEnum.type
3944819034160305026	AI/Misc/Types/ConditionNoSelectedEntityType.type
17634156812297506180	Missions/Types/OnTimeExpired.type
9066214094721322886	Entity/Types/DramaticEntranceType.type
10782126454952364424	Globals/IconPackage.type
1535621270513718154	AI/Misc/Types/ConditionDistanceToEntityType.type
7178928808586057098	Leaderboards/Types/LeaderboardScoreDisplayFormat.type
1473941872583511435	Missions/Types/ShowInTracker.type
12268061110957249423	Metagame/Blueprints/MetaGameMetricEventType.type
8479819403660759951	Entity/Types/EntitySelectorActionEventType.type
3683097556240239506	AI/Misc/Types/MoveToType.type
777063360771066259	Types/CoopOpResult.type
6539408338884103059	SpawnMarkers/Encounters.type
5917039602544742294	Powers/Types/ConditionUnrealClass.type
2400782987182804887	UI/Tooltips/VerticalTextAlignment.type
1398716719843315610	UI/Types/EdgePointerOverlayColors.type
9585160337485598108	Powers/Types/ProcTriggerType.type
4602787850772417948	Regions/RegionConnectionType.type
1487562704240315805	Missions/Types/MissionStates.type
15245580220670020512	Loot/LootDropActionType.type
4433007736858745766	Entity/Items/Affixes/PowerModifierAffixes/PowerProgTableTabType.type
13715028495382025639	Entity/Characters/Avatars/ManaBehaviors/MeterType.type
7269447623518916522	Powers/Types/MissileSpawnLocation.type
11658820831597889963	UI/Types/UIElements.type
4126791009114657707	Entity/Components/Locomotor/LocomotorMethod.type
10884959337536624561	UI/UINotifications/Console/ConsoleHUDNotificationType.type
11062053863692701617	Leaderboards/Types/LeaderboardType.type
200970772066013110	Entity/Items/Affixes/AffixKeywords.type
11208613688942594999	Types/EntityTriggerType.type
10470808141672878016	AI/Misc/Types/MoveToPathMethodType.type
4502313006335725505	Powers/Types/PowerEventActionType.type
781696044677140425	Globals/AvatarDeathReleaseBehavior.type
2145198437451894217	UI/MetaGame/Types/MetaGameIcon.type
17136118970762726348	Entity/Types/UnrealClass.type
3830935894878523343	AI/Misc/Types/SelectEntityPoolType.type
12836975033809832912	Entity/Types/DialogStyle.type
17335609422118851539	Missions/Types/AdvancedMissionFrequencyType.type
8927227806460612564	Audio/Types/BeginPlayUnrealClasses.type
16723352473617435093	Property/DamageType.type
16903343253796424661	Metagame/SchemaEntryType.type
4871556820908773333	SpawnMarkers/PopulationMarkerSize.type
144987859714902998	Populations/FacingMethod.type
5509191916524277206	UI/Types/MotionComicImageType.type
14830491633298705367	UI/Types/UIConditionType.type
14934032768943590873	UI/Types/WaypointMapImagePath.type
15076172197991287769	Entity/Types/SpawnMethod.type
14365255560803715546	DRAG/TransitionType.type
5308493202690609118	Populations/SpawnOrientationTweak.type
13106095034571557858	Loot/CharacterFilterType.type
12131048463367279588	Leaderboards/Types/LeaderboardResetFrequency.type
17700745185523796967	Types/RegionPlayerAccess.type
11909344688036712425	AI/Misc/Types/PropertyOperatorType.type
16737903267740979179	Entity/Types/SpawnerDefeatCriteria.type
4791141844459981295	Regions/QueueStatus.type
13371230392382065648	SpawnMarkers/EditorIcons.type
731261651086414834	Entity/Types/EntitySelectorAttributeActions.type
12073201652402490357	UI/Types/WaypointPOIType.type
1328803451700841973	UI/MTXStore/StoreCategoryIcon.type
18417745651619990520	Audio/Types/MetaGameTheme.type
6912746474056453624	Metagame/Factions/FactionColor.type
1635073618243096060	Powers/Types/PowerUnrealClass.type
14890540602992758269	UI/Tooltips/TooltipFontFamily.type
9128537045527892991	Entity/Characters/Avatars/EquipmentInvUISlot.type
